id,subreddit
0,London
1,Paris
2,Paris
3,Paris
4,Paris
5,Paris
6,Paris
7,London
8,Paris
9,London
10,Paris
11,London
12,London
13,Paris
14,Paris
15,Paris
16,Paris
17,Paris
18,Paris
19,Paris
20,Paris
21,Paris
22,Paris
23,Paris
24,Paris
25,London
26,Paris
27,Paris
28,Paris
29,Melbourne
30,Paris
31,Paris
32,Paris
33,Paris
34,Paris
35,Paris
36,Paris
37,Paris
38,Paris
39,Paris
40,Paris
41,Paris
42,Paris
43,Paris
44,London
45,Montreal
46,Melbourne
47,Paris
48,Montreal
49,London
50,London
51,Montreal
52,Montreal
53,London
54,Paris
55,Montreal
56,Melbourne
57,London
58,Melbourne
59,Melbourne
60,London
61,London
62,Melbourne
63,Paris
64,London
65,Montreal
66,London
67,Montreal
68,Melbourne
69,Melbourne
70,Montreal
71,Melbourne
72,Montreal
73,Melbourne
74,Paris
75,Paris
76,Montreal
77,Paris
78,Paris
79,London
80,Montreal
81,Melbourne
82,Montreal
83,Montreal
84,Melbourne
85,Montreal
86,Paris
87,Paris
88,Paris
89,Melbourne
90,London
91,Paris
92,Paris
93,Montreal
94,Paris
95,Paris
96,Paris
97,Melbourne
98,Montreal
99,Paris
100,London
101,Melbourne
102,Melbourne
103,Melbourne
104,Melbourne
105,Montreal
106,Montreal
107,Montreal
108,Melbourne
109,Melbourne
110,Montreal
111,Melbourne
112,Melbourne
113,Melbourne
114,Melbourne
115,Melbourne
116,London
117,Melbourne
118,Melbourne
119,Montreal
120,Melbourne
121,Melbourne
122,Melbourne
123,London
124,Melbourne
125,Melbourne
126,Melbourne
127,Melbourne
128,London
129,Melbourne
130,Melbourne
131,Melbourne
132,Montreal
133,Melbourne
134,Melbourne
135,Melbourne
136,Melbourne
137,Melbourne
138,Melbourne
139,Melbourne
140,Melbourne
141,Melbourne
142,Montreal
143,Montreal
144,Melbourne
145,Melbourne
146,London
147,Melbourne
148,London
149,Melbourne
150,Melbourne
151,Melbourne
152,Melbourne
153,Melbourne
154,Montreal
155,Melbourne
156,London
157,Melbourne
158,London
159,Melbourne
160,Melbourne
161,London
162,Melbourne
163,London
164,Melbourne
165,Melbourne
166,Melbourne
167,Melbourne
168,London
169,Melbourne
170,Melbourne
171,London
172,Melbourne
173,Melbourne
174,Melbourne
175,Melbourne
176,Melbourne
177,Melbourne
178,Melbourne
179,Melbourne
180,Melbourne
181,Melbourne
182,London
183,Montreal
184,Melbourne
185,Melbourne
186,London
187,London
188,London
189,London
190,London
191,London
192,London
193,London
194,Melbourne
195,London
196,London
197,London
198,Melbourne
199,London
200,Melbourne
201,London
202,London
203,Melbourne
204,London
205,Melbourne
206,London
207,Melbourne
208,London
209,Melbourne
210,London
211,London
212,London
213,Montreal
214,London
215,London
216,Melbourne
217,Melbourne
218,London
219,London
220,Melbourne
221,London
222,London
223,London
224,Melbourne
225,Melbourne
226,Melbourne
227,London
228,London
229,London
230,London
231,London
232,Melbourne
233,Melbourne
234,London
235,London
236,London
237,Melbourne
238,London
239,London
240,London
241,London
242,Melbourne
243,London
244,Melbourne
245,London
246,Melbourne
247,London
248,Melbourne
249,London
250,London
251,Paris
252,Paris
253,Paris
254,Melbourne
255,Paris
256,Paris
257,London
258,Paris
259,Montreal
260,Montreal
261,Paris
262,Paris
263,Paris
264,Paris
265,Paris
266,London
267,London
268,Paris
269,London
270,Melbourne
271,London
272,London
273,Montreal
274,Paris
275,Paris
276,Melbourne
277,Montreal
278,Paris
279,London
280,Paris
281,Paris
282,Paris
283,Paris
284,Paris
285,Paris
286,London
287,Paris
288,London
289,Paris
290,London
291,London
292,Paris
293,Paris
294,Paris
295,Paris
296,Paris
297,Paris
298,Paris
299,Paris
300,Paris
301,Paris
302,Paris
303,Paris
304,London
305,Paris
306,Paris
307,Paris
308,Melbourne
309,Paris
310,Paris
311,Paris
312,Paris
313,Paris
314,Paris
315,Paris
316,Paris
317,Paris
318,Paris
319,Paris
320,Paris
321,Paris
322,Paris
323,London
324,Montreal
325,Melbourne
326,Paris
327,Montreal
328,London
329,London
330,Montreal
331,Montreal
332,London
333,Paris
334,Montreal
335,Melbourne
336,London
337,Melbourne
338,Melbourne
339,London
340,London
341,Melbourne
342,Paris
343,London
344,Montreal
345,London
346,Montreal
347,Melbourne
348,Melbourne
349,Montreal
350,Melbourne
351,Montreal
352,Melbourne
353,Paris
354,Paris
355,Montreal
356,Paris
357,Paris
358,London
359,Montreal
360,Melbourne
361,Montreal
362,Montreal
363,Melbourne
364,Montreal
365,Paris
366,Paris
367,Paris
368,Melbourne
369,London
370,Paris
371,Paris
372,Montreal
373,Paris
374,Paris
375,Paris
376,Melbourne
377,Montreal
378,Paris
379,London
380,Melbourne
381,Melbourne
382,Melbourne
383,Melbourne
384,Montreal
385,Montreal
386,Montreal
387,Melbourne
388,Melbourne
389,Montreal
390,Melbourne
391,Melbourne
392,Melbourne
393,Melbourne
394,Melbourne
395,London
396,Melbourne
397,Melbourne
398,Montreal
399,Melbourne
400,Melbourne
401,Melbourne
402,London
403,Melbourne
404,Melbourne
405,Melbourne
406,Melbourne
407,London
408,Melbourne
409,Melbourne
410,Melbourne
411,Montreal
412,Melbourne
413,Melbourne
414,Melbourne
415,Melbourne
416,Melbourne
417,Melbourne
418,Melbourne
419,Melbourne
420,Melbourne
421,Montreal
422,Montreal
423,Melbourne
424,Melbourne
425,London
426,Melbourne
427,London
428,Melbourne
429,Melbourne
430,Melbourne
431,Melbourne
432,Melbourne
433,Montreal
434,Melbourne
435,London
436,Melbourne
437,London
438,Melbourne
439,Melbourne
440,London
441,Melbourne
442,London
443,Melbourne
444,Melbourne
445,Melbourne
446,Melbourne
447,London
448,Melbourne
449,Melbourne
450,London
451,Melbourne
452,Melbourne
453,Melbourne
454,Melbourne
455,Melbourne
456,Melbourne
457,Melbourne
458,Melbourne
459,Melbourne
460,Melbourne
461,London
462,Montreal
463,Melbourne
464,Melbourne
465,London
466,London
467,London
468,London
469,London
470,London
471,London
472,London
473,Melbourne
474,London
475,London
476,London
477,Melbourne
478,London
479,Melbourne
480,London
481,London
482,Melbourne
483,London
484,Melbourne
485,London
486,Melbourne
487,London
488,Melbourne
489,London
490,London
491,London
492,Montreal
493,London
494,London
495,Melbourne
496,Melbourne
497,London
498,London
499,Melbourne
500,London
501,London
502,London
503,Melbourne
504,Melbourne
505,Melbourne
506,London
507,London
508,London
509,London
510,London
511,Melbourne
512,Melbourne
513,London
514,London
515,London
516,Melbourne
517,London
518,London
519,London
520,London
521,Melbourne
522,London
523,Melbourne
524,London
525,Melbourne
526,London
527,Melbourne
528,London
529,London
530,Paris
531,Paris
532,Paris
533,Melbourne
534,Paris
535,Paris
536,London
537,Paris
538,Montreal
539,Montreal
540,Paris
541,Paris
542,Paris
543,Paris
544,Paris
545,London
546,London
547,Paris
548,London
549,Melbourne
550,London
551,London
552,Montreal
553,Paris
554,Paris
555,Melbourne
556,Montreal
557,Paris
558,Paris
559,Paris
560,Paris
561,Paris
562,Paris
563,Paris
564,Paris
565,Paris
566,Paris
567,Paris
568,Paris
569,Paris
570,London
571,Paris
572,Paris
573,Paris
574,Melbourne
575,Paris
576,Paris
577,Paris
578,Paris
579,Paris
580,Paris
581,Paris
582,Paris
583,Paris
584,Paris
585,Paris
586,Paris
587,Paris
588,Paris
589,London
590,Montreal
591,Melbourne
592,Paris
593,Montreal
594,London
595,London
596,Montreal
597,Montreal
598,London
599,Paris
